project_id,cumulative_billed_f,retention_held_f,project_name,project_type,gc_name,substantial_completion_date,original_contract_value,past_completion_date,days_past_completion,retention_releasable
PRJ-2021-320,22654700,2265470.0,Raleigh Apartment Complex - MEP,Residential,DPR Construction,2023-05-19,22790000,True,1057,True
PRJ-2021-294,8699000,869900.0,Pittsburgh Colocation Facility - HVAC,Other,Mortenson,2023-07-05,8748000,True,1010,True
PRJ-2020-203,4541500,454150.0,San Antonio High School - New Construction,Education,DPR Construction,2022-04-22,4570000,True,1449,True
PRJ-2022-339,19049700,1904970.0,Pittsburgh Colocation Facility - HVAC,Other,Skanska USA,2024-05-26,19158000,True,684,True
PRJ-2021-315,5430000,543000.0,Baltimore Mixed-Income Housing - Climate Control,Other,Skanska USA,2023-06-19,5465000,True,1026,True
PRJ-2018-019,19843200,1984320.0,Oklahoma City Edge Data Center - Thermal Management,Data Center,Mortenson,2020-07-12,19967000,True,2098,True
PRJ-2022-346,23501900,2350190.0,Columbus Hospital - Mechanical Systems Renovation,Healthcare,Mortenson,2024-05-07,23652000,True,703,True
PRJ-2020-183,14052900,1405290.0,Kansas City Elementary Campus - Climate Systems,Education,Turner Construction,2022-05-14,14144000,True,1427,True
PRJ-2018-037,33327600,3332760.0,Albuquerque Business Center - MEP Systems,Other,JE Dunn,2020-05-11,33532000,True,2160,True
PRJ-2021-264,19658000,1965800.0,Boston Edge Data Center - Thermal Management,Data Center,Turner Construction,2023-05-10,19784000,True,1066,True
PRJ-2020-193,14828400,1482840.0,Boston Middle School - HVAC Systems,Education,JE Dunn,2022-04-09,14923000,True,1462,True
PRJ-2018-034,18102300,1810230.0,Boston Colocation Facility - HVAC,Other,DPR Construction,2020-04-11,18213000,True,2190,True
PRJ-2019-121,47466600,4746660.0,Columbus Surgery Center - Climate Control,Other,DPR Construction,2021-05-26,47765000,True,1780,True
PRJ-2022-327,29317400,2931740.0,Salt Lake City Office Park - Core & Shell MEP,Commercial/Office,Turner Construction,2024-04-02,29520000,True,738,True
PRJ-2018-025,19762000,1976200.0,Portland Senior Living - HVAC Upgrade,Residential,Skanska USA,2020-06-01,19887000,True,2139,True
PRJ-2022-366,8276800,827680.0,Columbus Hospital - Mechanical Systems Renovation,Healthcare,JE Dunn,2024-05-12,8337000,True,698,True
PRJ-2019-087,23679700,2367970.0,Atlanta Mixed-Use Tower - Mechanical,Commercial/Office,Skanska USA,2021-05-18,23848000,True,1788,True
PRJ-2020-202,27043300,2704330.0,Salt Lake City Corporate Campus - HVAC Systems,Education,DPR Construction,2022-03-24,27217000,True,1478,True
PRJ-2018-054,19355600,1935560.0,Denver Edge Data Center - Thermal Management,Data Center,DPR Construction,2020-05-24,19488000,True,2147,True
PRJ-2021-309,22186200,2218620.0,Portland Colocation Facility - HVAC,Other,Turner Construction,2023-05-20,22317000,True,1056,True
PRJ-2020-184,5786200,578620.0,San Antonio Cloud Campus Phase 1 - Cooling,Education,Skanska USA,2022-04-30,5820000,True,1441,True
PRJ-2020-179,22532800,2253280.0,Louisville Edge Data Center - Thermal Management,Data Center,DPR Construction,2022-05-10,22670000,True,1431,True
PRJ-2019-113,3298500,329850.0,Kansas City Middle School - HVAC Systems,Education,Turner Construction,2021-04-13,3319000,True,1823,True
PRJ-2022-322,4346700,434670.0,Kansas City Corporate Campus - HVAC Systems,Education,Mortenson,2024-05-18,4371000,True,692,True
PRJ-2021-260,2593200,259320.0,Nashville Mixed-Income Housing - Climate Control,Other,Mortenson,2023-03-06,2608000,True,1131,True
PRJ-2021-289,18095100,1809510.0,Pittsburgh Data Center - Precision Cooling Systems,Data Center,DPR Construction,2023-04-28,18201000,True,1078,True
PRJ-2019-081,52698400,5269840.0,Indianapolis Surgery Center - Climate Control,Other,Turner Construction,2021-02-24,52999000,True,1871,True
PRJ-2021-257,22476900,2247690.0,San Antonio Office Park - Core & Shell MEP,Commercial/Office,DPR Construction,2023-01-28,22625000,True,1168,True
PRJ-2018-021,52849500,5284950.0,San Antonio Surgery Center - Climate Control,Other,JE Dunn,2020-01-31,53167000,True,2261,True
PRJ-2020-189,25627000,2562700.0,Salt Lake City Colocation Facility - HVAC,Other,DPR Construction,2022-01-31,25784000,True,1530,True
PRJ-2020-205,7214000,721400.0,Atlanta Apartment Complex - MEP,Residential,Turner Construction,2022-02-25,7258000,True,1505,True
PRJ-2019-095,10928800,1092880.0,Phoenix Senior Living - HVAC Upgrade,Residential,DPR Construction,2021-02-14,11001000,True,1881,True
PRJ-2021-295,8284000,828400.0,Sacramento Apartment Complex - MEP,Residential,Mortenson,2023-02-03,8337000,True,1162,True
PRJ-2021-308,11706700,1170670.0,Phoenix Middle School - HVAC Systems,Education,DPR Construction,2023-02-23,11781000,True,1142,True
PRJ-2018-075,11823600,1182360.0,Indianapolis Senior Living - HVAC Upgrade,Residential,Skanska USA,2020-04-12,11890000,True,2189,True
PRJ-2022-355,19507700,1950770.0,Raleigh Apartment Complex - MEP,Residential,Turner Construction,2024-01-29,19636000,True,802,True
PRJ-2021-292,12949400,1294940.0,Chicago Corporate Campus - HVAC Systems,Education,Turner Construction,2023-01-23,13023000,True,1173,True
PRJ-2019-154,6415400,641540.0,Las Vegas Colocation Facility - HVAC,Other,DPR Construction,2021-01-20,6455000,True,1906,True
PRJ-2019-102,42520100,4252010.0,Indianapolis Business Center - MEP Systems,Other,DPR Construction,2021-01-24,42813000,True,1902,True
PRJ-2022-376,36253900,3625390.0,Columbus Regional Medical Center - HVAC Upgrade,Healthcare,DPR Construction,2023-12-31,36501000,True,831,True
PRJ-2019-138,12335900,1233590.0,Albuquerque Elementary Campus - Climate Systems,Education,Turner Construction,2021-03-01,12417000,True,1866,True
PRJ-2021-253,14939900,1493990.0,Oklahoma City Elementary Campus - Climate Systems,Education,Turner Construction,2023-02-27,15036000,True,1138,True
PRJ-2021-280,16958100,1695810.0,Denver Apartment Complex - MEP,Residential,Turner Construction,2023-01-10,17061000,True,1186,True
PRJ-2020-165,8392100,839210.0,Salt Lake City Senior Living - HVAC Upgrade,Residential,JE Dunn,2022-02-06,8448000,True,1524,True
PRJ-2024-002,30075400,3007540.0,Riverside Office Tower - Core & Shell MEP,Commercial/Office,DPR Construction,2026-01-27,30260000,True,73,True
PRJ-2021-303,9455400,945540.0,Nashville Unified School District - HVAC Modernization,Education,Mortenson,2023-02-07,9518000,True,1158,True
PRJ-2020-212,31408300,3140830.0,Oklahoma City Corporate Campus - HVAC Systems,Education,JE Dunn,2022-01-16,31617000,True,1545,True
PRJ-2019-125,14284500,1428450.0,Boston Mixed-Income Housing - Climate Control,Other,DPR Construction,2021-01-01,14385000,True,1925,True
PRJ-2023-399,8451900,845190.0,Louisville Edge Data Center - Thermal Management,Data Center,JE Dunn,2025-01-25,8502000,True,440,True
PRJ-2018-027,14485200,1448520.0,Albuquerque Mixed-Use Tower - Mechanical,Commercial/Office,Turner Construction,2020-02-09,14573000,True,2252,True
PRJ-2021-267,11418900,1141890.0,Raleigh Corporate Campus - HVAC Systems,Education,JE Dunn,2022-12-17,11491000,True,1210,True
PRJ-2021-269,5930600,593060.0,Indianapolis Edge Data Center - Thermal Management,Data Center,DPR Construction,2023-01-21,5968000,True,1175,True
PRJ-2019-082,40856900,4085690.0,Raleigh Business Center - MEP Systems,Other,JE Dunn,2021-02-02,41115000,True,1893,True
PRJ-2020-174,7974800,797480.0,Louisville Cloud Campus Phase 1 - Cooling,Education,JE Dunn,2021-12-09,8026000,True,1583,True
PRJ-2020-161,58488700,5848870.0,Phoenix Regional Medical Center - HVAC Upgrade,Healthcare,JE Dunn,2021-11-22,58874000,True,1600,True
PRJ-2018-008,6167600,616760.0,Louisville High School - New Construction,Education,Skanska USA,2019-12-04,6212000,True,2319,True
PRJ-2020-180,8496900,849690.0,Kansas City Senior Living - HVAC Upgrade,Residential,Mortenson,2022-01-17,8550000,True,1544,True
PRJ-2019-120,7566200,756620.0,Albuquerque Senior Living - HVAC Upgrade,Residential,DPR Construction,2020-12-16,7611000,True,1941,True
PRJ-2021-246,9436700,943670.0,San Antonio Hospital - Mechanical Systems Renovation,Healthcare,DPR Construction,2022-12-21,9501000,True,1206,True
PRJ-2022-375,11148900,1114890.0,Pittsburgh Mixed-Income Housing - Climate Control,Other,Mortenson,2024-02-14,11214000,True,786,True
PRJ-2020-163,7078600,707860.0,Nashville High School - New Construction,Education,Mortenson,2022-02-16,7125000,True,1514,True
PRJ-2023-388,11460200,1146020.0,Tampa High School - New Construction,Education,Turner Construction,2024-12-23,11540000,True,473,True
PRJ-2020-222,10103800,1010380.0,Oklahoma City Corporate Campus - HVAC Systems,Education,Skanska USA,2022-01-06,10170000,True,1555,True
PRJ-2018-055,5449200,544920.0,Oklahoma City Mixed-Income Housing - Climate Control,Other,JE Dunn,2020-01-14,5485000,True,2278,True
PRJ-2019-103,5777700,577770.0,Kansas City Middle School - HVAC Systems,Education,Mortenson,2020-10-30,5820000,True,1988,True
PRJ-2022-372,7009500,700950.0,Pittsburgh Business Center - MEP Systems,Other,Skanska USA,2024-01-08,7056000,True,823,True
PRJ-2022-350,7978100,797810.0,San Antonio Senior Living - HVAC Upgrade,Residential,Mortenson,2023-11-23,8036000,True,869,True
PRJ-2022-352,17479000,1747900.0,Kansas City Business Center - MEP Systems,Other,DPR Construction,2023-12-24,17595000,True,838,True
PRJ-2020-235,17568500,1756850.0,Oklahoma City Senior Living - HVAC Upgrade,Residential,Skanska USA,2021-11-08,17688000,True,1614,True
PRJ-2018-062,17951800,1795180.0,Chicago Business Center - MEP Systems,Other,Turner Construction,2019-12-10,18069000,True,2313,True
PRJ-2020-220,16531800,1653180.0,Portland Apartment Complex - MEP,Residential,Skanska USA,2021-12-21,16642000,True,1571,True
PRJ-2020-196,35071200,3507120.0,Baltimore Surgery Center - Climate Control,Other,Mortenson,2021-10-25,35312000,True,1628,True
PRJ-2021-251,36898000,3689800.0,Raleigh Surgery Center - Climate Control,Other,Skanska USA,2022-11-25,37123000,True,1232,True
PRJ-2019-131,44030700,4403070.0,Cincinnati Hospital - Mechanical Systems Renovation,Healthcare,JE Dunn,2020-10-06,44330000,True,2012,True
PRJ-2022-356,30358400,3035840.0,Denver Surgery Center - Climate Control,Other,DPR Construction,2023-12-11,30571000,True,851,True
PRJ-2022-367,6458700,645870.0,Houston Office Park - Core & Shell MEP,Commercial/Office,JE Dunn,2023-10-11,6499000,True,912,True
PRJ-2022-334,16808500,1680850.0,Raleigh Edge Data Center - Thermal Management,Data Center,Mortenson,2023-10-21,16918000,True,902,True
PRJ-2019-140,11317400,1131740.0,Boston Senior Living - HVAC Upgrade,Residential,DPR Construction,2020-10-22,11399000,True,1996,True
PRJ-2022-325,4368700,436870.0,Minneapolis Apartment Complex - MEP,Residential,Mortenson,2023-12-11,4398000,True,851,True
PRJ-2019-108,10742000,1074200.0,Richmond Elementary Campus - Climate Systems,Education,JE Dunn,2020-10-29,10813000,True,1989,True
PRJ-2021-305,7723100,772310.0,Albuquerque Senior Living - HVAC Upgrade,Residential,Skanska USA,2022-11-21,7776000,True,1236,True
PRJ-2023-390,9814800,981480.0,Louisville Apartment Complex - MEP,Residential,JE Dunn,2024-10-18,9884000,True,539,True
PRJ-2019-128,3218200,321820.0,Kansas City High School - New Construction,Education,JE Dunn,2020-09-19,3238000,True,2029,True
PRJ-2022-333,13461500,1346150.0,Chicago High School - New Construction,Education,Mortenson,2023-10-09,13567000,True,914,True
PRJ-2021-306,38576500,3857650.0,Raleigh Regional Medical Center - HVAC Upgrade,Healthcare,Turner Construction,2022-09-14,38835000,True,1304,True
PRJ-2019-126,42722900,4272290.0,Cincinnati Surgery Center - Climate Control,Other,DPR Construction,2020-09-29,42999000,True,2019,True
PRJ-2023-385,11325900,1132590.0,Houston Senior Living - HVAC Upgrade,Residential,Mortenson,2024-09-28,11398000,True,559,True
PRJ-2022-332,11145100,1114510.0,Louisville Mixed-Use Tower - Mechanical,Commercial/Office,Turner Construction,2023-09-07,11220000,True,946,True
PRJ-2019-151,29489000,2948900.0,Albuquerque Surgery Center - Climate Control,Other,JE Dunn,2020-10-16,29676000,True,2002,True
PRJ-2019-149,21350300,2135030.0,Boston Data Center - Precision Cooling Systems,Data Center,JE Dunn,2020-09-11,21493000,True,2037,True
PRJ-2023-383,3199000,319900.0,Pittsburgh High School - New Construction,Education,Mortenson,2024-10-09,3222000,True,548,True
PRJ-2018-020,8134400,813440.0,Chicago Mixed-Income Housing - Climate Control,Other,Mortenson,2019-10-01,8195000,True,2383,True
PRJ-2018-031,40227400,4022740.0,Kansas City Surgery Center - Climate Control,Other,Skanska USA,2019-10-18,40498000,True,2366,True
PRJ-2019-150,26312900,2631290.0,Oklahoma City Mixed-Income Housing - Climate Control,Other,JE Dunn,2020-10-06,26488000,True,2012,True
PRJ-2024-005,13556100,1355610.0,Harbor View Condominiums - 3 Buildings,Residential,Skanska USA,2025-11-07,13650000,True,154,True
PRJ-2018-018,9759400,975940.0,Las Vegas Unified School District - HVAC Modernization,Education,Turner Construction,2019-11-04,9820000,True,2349,True
PRJ-2018-023,8806000,880600.0,Richmond High School - New Construction,Education,DPR Construction,2019-09-19,8862000,True,2395,True
PRJ-2021-293,8773800,877380.0,Kansas City Elementary Campus - Climate Systems,Education,Turner Construction,2022-11-04,8829000,True,1253,True
PRJ-2019-107,16812800,1681280.0,Boston Office Park - Core & Shell MEP,Commercial/Office,DPR Construction,2020-09-29,16925000,True,2019,True
PRJ-2019-155,7902700,790270.0,Cincinnati Mixed-Income Housing - Climate Control,Other,Skanska USA,2020-11-03,7959000,True,1984,True
PRJ-2020-209,13827800,1382780.0,Phoenix Cloud Campus Phase 1 - Cooling,Education,JE Dunn,2021-10-16,13910000,True,1637,True
PRJ-2021-270,10145500,1014550.0,Richmond Apartment Complex - MEP,Residential,Mortenson,2022-08-29,10208000,True,1320,True
PRJ-2018-048,6036200,603620.0,Boston Unified School District - HVAC Modernization,Education,DPR Construction,2019-11-19,6077000,True,2334,True
PRJ-2022-360,8119500,811950.0,Denver Senior Living - HVAC Upgrade,Residential,DPR Construction,2023-10-04,8177000,True,919,True
PRJ-2021-271,37524700,3752470.0,Atlanta Regional Medical Center - HVAC Upgrade,Healthcare,Skanska USA,2022-10-13,37774000,True,1275,True
PRJ-2021-282,20522200,2052220.0,Louisville Corporate Campus - HVAC Systems,Education,Skanska USA,2022-09-01,20659000,True,1317,True
PRJ-2021-276,39079500,3907950.0,Columbus Regional Medical Center - HVAC Upgrade,Healthcare,JE Dunn,2022-11-09,39364000,True,1248,True
PRJ-2018-076,16121600,1612160.0,Pittsburgh Surgery Center - Climate Control,Other,Turner Construction,2019-11-17,16224000,True,2336,True
PRJ-2020-226,51820700,5182070.0,Nashville Regional Medical Center - HVAC Upgrade,Healthcare,Turner Construction,2021-09-07,52146000,True,1676,True
PRJ-2020-218,10723000,1072300.0,Portland Middle School - HVAC Systems,Education,JE Dunn,2021-11-09,10797000,True,1613,True
PRJ-2021-296,41445000,4144500.0,Richmond Hospital - Mechanical Systems Renovation,Healthcare,Skanska USA,2022-11-20,41720000,True,1237,True
PRJ-2020-215,25024200,2502420.0,Phoenix Residential Tower - HVAC Systems,Commercial/Office,Skanska USA,2021-08-29,25173000,True,1685,True
PRJ-2020-208,13113600,1311360.0,Louisville High School - New Construction,Education,Turner Construction,2021-10-17,13209000,True,1636,True
PRJ-2018-057,14319700,1431970.0,Sacramento Office Park - Core & Shell MEP,Commercial/Office,Mortenson,2019-09-18,14417000,True,2396,True
PRJ-2022-329,22489700,2248970.0,Pittsburgh Cloud Campus Phase 1 - Cooling,Education,JE Dunn,2023-10-11,22622000,True,912,True
PRJ-2020-185,3767700,376770.0,Baltimore Apartment Complex - MEP,Residential,DPR Construction,2021-10-09,3792000,True,1644,True
PRJ-2018-026,5453500,545350.0,Las Vegas Surgery Center - Climate Control,Other,Turner Construction,2019-10-10,5488000,True,2374,True
PRJ-2021-243,3804800,380480.0,Columbus Middle School - HVAC Systems,Education,Mortenson,2022-09-14,3832000,True,1304,True
PRJ-2019-153,4912400,491240.0,Indianapolis Middle School - HVAC Systems,Education,DPR Construction,2020-10-09,4947000,True,2009,True
PRJ-2018-051,6390400,639040.0,San Antonio Regional Medical Center - HVAC Upgrade,Healthcare,JE Dunn,2019-08-28,6433000,True,2417,True
PRJ-2021-249,22118400,2211840.0,Cincinnati Edge Data Center - Thermal Management,Data Center,DPR Construction,2022-08-23,22257000,True,1326,True
PRJ-2019-083,8426800,842680.0,Cincinnati Elementary Campus - Climate Systems,Education,JE Dunn,2020-08-08,8483000,True,2071,True
PRJ-2019-111,10652700,1065270.0,Louisville Surgery Center - Climate Control,Other,Skanska USA,2020-08-13,10721000,True,2066,True
PRJ-2020-166,52335200,5233520.0,Portland Medical Campus - New HVAC Installation,Healthcare,Turner Construction,2021-10-16,52683000,True,1637,True
PRJ-2018-050,3590700,359070.0,Boston Senior Living - HVAC Upgrade,Residential,Skanska USA,2019-07-31,3613000,True,2445,True
PRJ-2020-172,4908700,490870.0,Boston Business Center - MEP Systems,Other,DPR Construction,2021-09-05,4940000,True,1678,True
PRJ-2021-288,9884500,988450.0,Indianapolis Unified School District - HVAC Modernization,Education,Mortenson,2022-08-23,9948000,True,1326,True
PRJ-2021-316,32331600,3233160.0,Portland Medical Campus - New HVAC Installation,Healthcare,DPR Construction,2022-09-26,32547000,True,1292,True
PRJ-2020-219,26803900,2680390.0,Denver Cloud Campus Phase 1 - Cooling,Education,Mortenson,2021-09-30,26976000,True,1653,True
PRJ-2018-066,19502100,1950210.0,Portland Regional Medical Center - HVAC Upgrade,Healthcare,Skanska USA,2019-08-28,19638000,True,2417,True
PRJ-2022-368,12779100,1277910.0,Tampa Elementary Campus - Climate Systems,Education,Skanska USA,2023-08-25,12855000,True,959,True
PRJ-2019-141,37242600,3724260.0,Richmond Medical Campus - New HVAC Installation,Healthcare,Turner Construction,2020-09-10,37483000,True,2038,True
PRJ-2018-016,20143600,2014360.0,Houston Surgery Center - Climate Control,Other,JE Dunn,2019-09-01,20272000,True,2413,True
PRJ-2020-221,13753700,1375370.0,Kansas City Regional Medical Center - HVAC Upgrade,Healthcare,DPR Construction,2021-09-17,13847000,True,1666,True
PRJ-2018-015,22370800,2237080.0,Minneapolis Mixed-Income Housing - Climate Control,Other,Skanska USA,2019-09-14,22510000,True,2400,True
PRJ-2019-132,4891200,489120.0,San Antonio Corporate Campus - HVAC Systems,Education,Turner Construction,2020-09-20,4919000,True,2028,True
PRJ-2018-013,4468600,446860.0,Indianapolis Unified School District - HVAC Modernization,Education,DPR Construction,2019-09-10,4495000,True,2404,True
PRJ-2022-380,17594200,1759420.0,Portland Mixed-Income Housing - Climate Control,Other,DPR Construction,2023-08-23,17710000,True,961,True
PRJ-2021-241,21190400,2119040.0,Portland Hospital - Mechanical Systems Renovation,Healthcare,Mortenson,2022-08-15,21326000,True,1334,True
PRJ-2018-064,11924700,1192470.0,Minneapolis Cloud Campus Phase 1 - Cooling,Education,DPR Construction,2019-07-19,12004000,True,2457,True
PRJ-2021-298,11138700,1113870.0,San Antonio High School - New Construction,Education,Turner Construction,2022-08-25,11208000,True,1324,True
PRJ-2019-098,6575400,657540.0,Baltimore Unified School District - HVAC Modernization,Education,Turner Construction,2020-08-04,6621000,True,2075,True
PRJ-2018-002,28945000,2894500.0,Louisville Office Park - Core & Shell MEP,Commercial/Office,JE Dunn,2019-07-06,29163000,True,2470,True
PRJ-2018-040,20185900,2018590.0,Sacramento Mixed-Income Housing - Climate Control,Other,DPR Construction,2019-08-02,20326000,True,2443,True
PRJ-2020-176,29496000,2949600.0,Chicago Regional Medical Center - HVAC Upgrade,Healthcare,Skanska USA,2021-08-03,29701000,True,1711,True
PRJ-2022-349,22838100,2283810.0,Boston Data Center - Precision Cooling Systems,Data Center,Mortenson,2023-08-21,22985000,True,963,True
PRJ-2020-182,7311300,731130.0,Houston Office Park - Core & Shell MEP,Commercial/Office,JE Dunn,2021-09-07,7358000,True,1676,True
PRJ-2019-119,19638700,1963870.0,Albuquerque Data Center - Precision Cooling Systems,Data Center,JE Dunn,2020-07-04,19776000,True,2106,True
PRJ-2020-195,16644800,1664480.0,San Antonio Senior Living - HVAC Upgrade,Residential,DPR Construction,2021-07-03,16764000,True,1742,True
PRJ-2021-259,11644900,1164490.0,Atlanta Colocation Facility - HVAC,Other,Mortenson,2022-09-17,11725000,True,1301,True
PRJ-2020-216,50433500,5043350.0,Kansas City Surgery Center - Climate Control,Other,JE Dunn,2021-08-30,50756000,True,1684,True
PRJ-2018-056,36121600,3612160.0,Boston Medical Campus - New HVAC Installation,Healthcare,Skanska USA,2019-07-02,36355000,True,2474,True
PRJ-2018-006,9972100,997210.0,Kansas City Hospital - Mechanical Systems Renovation,Healthcare,JE Dunn,2019-08-18,10039000,True,2427,True
PRJ-2021-274,14403300,1440330.0,Kansas City Colocation Facility - HVAC,Other,Turner Construction,2022-07-11,14505000,True,1369,True
PRJ-2020-192,16296800,1629680.0,Houston Corporate Campus - HVAC Systems,Education,DPR Construction,2021-09-13,16402000,True,1670,True
PRJ-2018-059,13323600,1332360.0,Atlanta Data Center - Precision Cooling Systems,Data Center,DPR Construction,2019-09-12,13417000,True,2402,True
PRJ-2020-232,7252600,725260.0,Minneapolis Corporate Campus - HVAC Systems,Education,JE Dunn,2021-09-15,7301000,True,1668,True
PRJ-2021-286,32890900,3289090.0,Chicago Hospital - Mechanical Systems Renovation,Healthcare,JE Dunn,2022-08-09,33113000,True,1340,True
PRJ-2018-045,4172700,417270.0,Cincinnati Apartment Complex - MEP,Residential,Skanska USA,2019-09-21,4201000,True,2393,True
PRJ-2021-291,26172700,2617270.0,Columbus Hospital - Mechanical Systems Renovation,Healthcare,JE Dunn,2022-09-06,26365000,True,1312,True
PRJ-2022-358,6555600,655560.0,Denver High School - New Construction,Education,Mortenson,2023-08-22,6596000,True,962,True
PRJ-2020-231,11314300,1131430.0,Houston Medical Campus - New HVAC Installation,Healthcare,JE Dunn,2021-08-25,11391000,True,1689,True
PRJ-2023-397,24004100,2400410.0,Sacramento Corporate Campus - HVAC Systems,Education,Skanska USA,2024-08-10,24152000,True,608,True
PRJ-2024-001,34955400,3495540.0,Mercy General Hospital - HVAC Modernization,Healthcare,Turner Construction,2025-09-01,35194000,True,221,True
PRJ-2018-049,4672100,467210.0,San Antonio Data Center - Precision Cooling Systems,Data Center,Skanska USA,2019-06-26,4707000,True,2480,True
PRJ-2021-283,2989800,298980.0,Richmond High School - New Construction,Education,Skanska USA,2022-09-14,3010000,True,1304,True
PRJ-2019-159,18388000,1838800.0,Albuquerque Data Center - Precision Cooling Systems,Data Center,JE Dunn,2020-07-01,18511000,True,2109,True
PRJ-2019-137,28487700,2848770.0,Kansas City Office Park - Core & Shell MEP,Commercial/Office,JE Dunn,2020-07-03,28675000,True,2107,True
PRJ-2022-326,4719400,471940.0,Kansas City Hospital - Mechanical Systems Renovation,Healthcare,Turner Construction,2023-06-26,4754000,True,1019,True
PRJ-2021-244,13381900,1338190.0,Minneapolis Colocation Facility - HVAC,Other,Turner Construction,2022-08-30,13475000,True,1319,True
PRJ-2018-078,8107100,810710.0,Baltimore High School - New Construction,Education,JE Dunn,2019-09-01,8156000,True,2413,True
PRJ-2020-240,8519500,851950.0,Atlanta Residential Tower - HVAC Systems,Commercial/Office,JE Dunn,2021-09-22,8580000,True,1661,True
PRJ-2022-338,6459200,645920.0,Salt Lake City Middle School - HVAC Systems,Education,DPR Construction,2023-08-09,6503000,True,975,True
PRJ-2019-114,21794400,2179440.0,Tampa Colocation Facility - HVAC,Other,JE Dunn,2020-08-02,21934000,True,2077,True
PRJ-2018-029,9464600,946460.0,Kansas City Colocation Facility - HVAC,Other,JE Dunn,2019-08-10,9526000,True,2435,True
PRJ-2020-188,7764300,776430.0,Kansas City Unified School District - HVAC Modernization,Education,Skanska USA,2021-07-01,7817000,True,1744,True
PRJ-2020-225,4981700,498170.0,Salt Lake City Residential Tower - HVAC Systems,Commercial/Office,JE Dunn,2021-08-26,5017000,True,1688,True
PRJ-2020-181,36952500,3695250.0,Oklahoma City Medical Campus - New HVAC Installation,Healthcare,Skanska USA,2021-07-15,37213000,True,1730,True
PRJ-2019-148,7496600,749660.0,Las Vegas Middle School - HVAC Systems,Education,JE Dunn,2020-05-27,7547000,True,2144,True
PRJ-2018-043,7344700,734470.0,Salt Lake City High School - New Construction,Education,Skanska USA,2019-07-31,7392000,True,2445,True
PRJ-2019-147,17939600,1793960.0,Oklahoma City Office Park - Core & Shell MEP,Commercial/Office,Skanska USA,2020-06-10,18067000,True,2130,True
PRJ-2018-004,11143200,1114320.0,Houston Data Center - Precision Cooling Systems,Data Center,JE Dunn,2019-07-07,11221000,True,2469,True
PRJ-2018-061,36356500,3635650.0,Las Vegas Hospital - Mechanical Systems Renovation,Healthcare,Mortenson,2019-08-04,36618000,True,2441,True
PRJ-2022-361,12824500,1282450.0,Salt Lake City Hospital - Mechanical Systems Renovation,Healthcare,Turner Construction,2023-08-20,12912000,True,964,True
PRJ-2019-143,3091200,309120.0,Indianapolis Middle School - HVAC Systems,Education,JE Dunn,2020-06-26,3114000,True,2114,True
PRJ-2023-398,7156000,715600.0,Denver Middle School - HVAC Systems,Education,DPR Construction,2024-07-13,7209000,True,636,True
PRJ-2022-335,12867000,1286700.0,Louisville Mixed-Income Housing - Climate Control,Other,Mortenson,2023-06-18,12951000,True,1027,True
PRJ-2021-318,2358100,235810.0,Boston Middle School - HVAC Systems,Education,Mortenson,2022-08-19,2373000,True,1330,True
PRJ-2019-152,2229100,222910.0,Phoenix Mixed-Use Tower - Mechanical,Commercial/Office,Mortenson,2020-07-18,2246000,True,2092,True
PRJ-2020-206,19496700,1949670.0,Pittsburgh Medical Campus - New HVAC Installation,Healthcare,Skanska USA,2021-06-23,19628000,True,1752,True
PRJ-2022-345,20735100,2073510.0,Indianapolis Apartment Complex - MEP,Residential,Turner Construction,2023-08-04,20889000,True,980,True
PRJ-2020-237,33429700,3342970.0,Sacramento Business Center - MEP Systems,Other,Skanska USA,2021-06-10,33680000,True,1765,True
PRJ-2020-187,10772500,1077250.0,Las Vegas Corporate Campus - HVAC Systems,Education,DPR Construction,2021-07-29,10850000,True,1716,True
PRJ-2018-039,5339800,533980.0,Albuquerque Data Center - Precision Cooling Systems,Data Center,Skanska USA,2019-07-21,5379000,True,2455,True
PRJ-2021-307,30962300,3096230.0,Columbus Mixed-Use Tower - Mechanical,Commercial/Office,Turner Construction,2022-06-12,31171000,True,1398,True
PRJ-2021-312,12192500,1219250.0,Las Vegas Mixed-Use Tower - Mechanical,Commercial/Office,JE Dunn,2022-07-26,12270000,True,1354,True
PRJ-2020-201,43453300,4345330.0,Raleigh Regional Medical Center - HVAC Upgrade,Healthcare,DPR Construction,2021-05-31,43769000,True,1775,True
PRJ-2018-079,15943000,1594300.0,Baltimore Colocation Facility - HVAC,Other,Turner Construction,2019-06-22,16064000,True,2484,True
PRJ-2022-343,4310000,431000.0,Boston Middle School - HVAC Systems,Education,Skanska USA,2023-06-20,4342000,True,1025,True
PRJ-2021-299,8553300,855330.0,Boston Colocation Facility - HVAC,Other,JE Dunn,2022-05-29,8616000,True,1412,True
PRJ-2021-279,6441500,644150.0,Baltimore Data Center - Precision Cooling Systems,Data Center,JE Dunn,2022-05-08,6492000,True,1433,True
PRJ-2020-167,10884400,1088440.0,Minneapolis Mixed-Use Tower - Mechanical,Commercial/Office,Turner Construction,2021-06-09,10960000,True,1766,True
PRJ-2018-053,3464000,346400.0,Las Vegas High School - New Construction,Education,Mortenson,2019-06-08,3488000,True,2498,True
PRJ-2022-347,26875600,2687560.0,Raleigh Corporate Campus - HVAC Systems,Education,Skanska USA,2023-07-01,27076000,True,1014,True
PRJ-2023-382,10014000,1001400.0,Baltimore Corporate Campus - HVAC Systems,Education,Skanska USA,2024-07-20,10081000,True,629,True
PRJ-2018-003,11765500,1176550.0,Las Vegas Elementary Campus - Climate Systems,Education,Turner Construction,2019-06-24,11837000,True,2482,True
PRJ-2019-085,6529700,652970.0,Louisville Residential Tower - HVAC Systems,Commercial/Office,JE Dunn,2020-07-06,6578000,True,2104,True
PRJ-2018-052,3076200,307620.0,Richmond Mixed-Use Tower - Mechanical,Commercial/Office,Skanska USA,2019-05-19,3101000,True,2518,True
PRJ-2021-242,12910200,1291020.0,Sacramento Office Park - Core & Shell MEP,Commercial/Office,Turner Construction,2022-06-27,12997000,True,1383,True
PRJ-2020-164,6974300,697430.0,Richmond Cloud Campus Phase 1 - Cooling,Education,Turner Construction,2021-06-20,7029000,True,1755,True
PRJ-2021-266,14421000,1442100.0,Salt Lake City Surgery Center - Climate Control,Other,Skanska USA,2022-05-22,14520000,True,1419,True
PRJ-2020-227,27642400,2764240.0,Phoenix Mixed-Use Tower - Mechanical,Commercial/Office,Mortenson,2021-06-30,27835000,True,1745,True
PRJ-2021-265,5679300,567930.0,Salt Lake City Senior Living - HVAC Upgrade,Residential,Mortenson,2022-05-07,5721000,True,1434,True
PRJ-2020-199,17352200,1735220.0,Cincinnati Data Center - Precision Cooling Systems,Data Center,Skanska USA,2021-05-14,17456000,True,1792,True
PRJ-2019-144,8733100,873310.0,Richmond Data Center - Precision Cooling Systems,Data Center,DPR Construction,2020-05-04,8799000,True,2167,True
PRJ-2020-228,8334900,833490.0,Oklahoma City Unified School District - HVAC Modernization,Education,JE Dunn,2021-05-31,8395000,True,1775,True
PRJ-2022-374,5423500,542350.0,Houston Colocation Facility - HVAC,Other,JE Dunn,2023-07-03,5458000,True,1012,True
PRJ-2018-068,8484600,848460.0,Tampa Unified School District - HVAC Modernization,Education,JE Dunn,2019-05-09,8544000,True,2528,True
PRJ-2018-065,10527500,1052750.0,Richmond Residential Tower - HVAC Systems,Commercial/Office,Skanska USA,2019-07-09,10603000,True,2467,True
PRJ-2021-250,13304500,1330450.0,Sacramento Senior Living - HVAC Upgrade,Residential,DPR Construction,2022-07-09,13401000,True,1371,True
PRJ-2018-012,8981600,898160.0,Pittsburgh Business Center - MEP Systems,Other,DPR Construction,2019-07-23,9048000,True,2453,True
PRJ-2023-391,9276800,927680.0,Pittsburgh Regional Medical Center - HVAC Upgrade,Healthcare,Mortenson,2024-06-04,9340000,True,675,True
PRJ-2023-393,5239900,523990.0,Las Vegas High School - New Construction,Education,Turner Construction,2024-07-05,5279000,True,644,True
PRJ-2022-353,6704800,670480.0,Atlanta Elementary Campus - Climate Systems,Education,DPR Construction,2023-06-06,6748000,True,1039,True
PRJ-2022-324,5333500,533350.0,Houston Colocation Facility - HVAC,Other,JE Dunn,2023-04-26,5373000,True,1080,True
PRJ-2021-301,10173000,1017300.0,Richmond Regional Medical Center - HVAC Upgrade,Healthcare,Turner Construction,2022-07-24,10245000,True,1356,True
PRJ-2020-211,38878300,3887830.0,Las Vegas Regional Medical Center - HVAC Upgrade,Healthcare,JE Dunn,2021-06-18,39163000,True,1757,True
PRJ-2019-109,14003800,1400380.0,Portland Colocation Facility - HVAC,Other,Turner Construction,2020-05-30,14103000,True,2141,True
PRJ-2021-285,6207100,620710.0,Atlanta Mixed-Income Housing - Climate Control,Other,Mortenson,2022-05-26,6250000,True,1415,True
PRJ-2019-123,9694800,969480.0,Oklahoma City High School - New Construction,Education,JE Dunn,2020-05-11,9763000,True,2160,True
PRJ-2018-030,15491200,1549120.0,Portland Mixed-Income Housing - Climate Control,Other,Skanska USA,2019-04-26,15609000,True,2541,True
PRJ-2022-337,23843100,2384310.0,Oklahoma City Corporate Campus - HVAC Systems,Education,JE Dunn,2023-06-28,24013000,True,1017,True
PRJ-2019-129,14818000,1481800.0,Boston Colocation Facility - HVAC,Other,Mortenson,2020-05-26,14922000,True,2145,True
PRJ-2019-160,6770600,677060.0,Cincinnati Apartment Complex - MEP,Residential,JE Dunn,2020-07-21,6817000,True,2089,True
PRJ-2021-254,6997700,699770.0,Baltimore Edge Data Center - Thermal Management,Data Center,Mortenson,2022-06-17,7049000,True,1393,True
PRJ-2020-175,21617900,2161790.0,Baltimore Senior Living - HVAC Upgrade,Residential,DPR Construction,2021-05-01,21782000,True,1805,True
PRJ-2020-233,4188800,418880.0,Kansas City Middle School - HVAC Systems,Education,Skanska USA,2021-06-22,4218000,True,1753,True
PRJ-2018-080,21015000,2101500.0,Raleigh Senior Living - HVAC Upgrade,Residential,Turner Construction,2019-06-16,21159000,True,2490,True
PRJ-2021-256,26986100,2698610.0,Minneapolis Surgery Center - Climate Control,Other,Mortenson,2022-06-04,27189000,True,1406,True
PRJ-2020-224,17309200,1730920.0,San Antonio Edge Data Center - Thermal Management,Data Center,Skanska USA,2021-05-25,17418000,True,1781,True
PRJ-2020-173,3359200,335920.0,Boston Middle School - HVAC Systems,Education,Skanska USA,2021-03-27,3384000,True,1840,True
PRJ-2019-088,9056500,905650.0,Oklahoma City Elementary Campus - Climate Systems,Education,JE Dunn,2020-04-06,9124000,True,2195,True
PRJ-2018-022,33459400,3345940.0,Tampa Office Park - Core & Shell MEP,Commercial/Office,Turner Construction,2019-04-26,33663000,True,2541,True
PRJ-2019-089,12876000,1287600.0,Tampa Cloud Campus Phase 1 - Cooling,Education,Mortenson,2020-04-30,12969000,True,2171,True
PRJ-2019-086,16349700,1634970.0,Louisville Regional Medical Center - HVAC Upgrade,Healthcare,Turner Construction,2020-05-23,16463000,True,2148,True
PRJ-2019-115,25668700,2566870.0,Phoenix Senior Living - HVAC Upgrade,Residential,JE Dunn,2020-05-10,25864000,True,2161,True
PRJ-2022-328,14984700,1498470.0,Richmond High School - New Construction,Education,DPR Construction,2023-04-20,15085000,True,1086,True
PRJ-2021-319,8035000,803500.0,Nashville Colocation Facility - HVAC,Other,Mortenson,2022-04-24,8085000,True,1447,True
PRJ-2023-381,40882800,4088280.0,Pittsburgh Surgery Center - Climate Control,Other,Turner Construction,2024-06-13,41186000,True,666,True
PRJ-2023-387,6779700,677970.0,Sacramento Office Park - Core & Shell MEP,Commercial/Office,DPR Construction,2024-05-18,6827000,True,692,True
PRJ-2022-379,11724700,1172470.0,Pittsburgh Data Center - Precision Cooling Systems,Data Center,Mortenson,2023-05-21,11816000,True,1055,True
PRJ-2022-369,16703600,1670360.0,Louisville Edge Data Center - Thermal Management,Data Center,DPR Construction,2023-03-29,16822000,True,1108,True
PRJ-2018-044,7155400,715540.0,Oklahoma City Cloud Campus Phase 1 - Cooling,Education,Mortenson,2019-05-21,7204000,True,2516,True
PRJ-2019-157,6756100,675610.0,Portland Office Park - Core & Shell MEP,Commercial/Office,Mortenson,2020-04-11,6804000,True,2190,True
PRJ-2021-284,6462000,646200.0,Richmond Cloud Campus Phase 1 - Cooling,Education,Turner Construction,2022-05-21,6507000,True,1420,True
PRJ-2019-158,5800100,580010.0,Denver High School - New Construction,Education,DPR Construction,2020-05-11,5838000,True,2160,True
PRJ-2021-278,7285100,728510.0,Boston Middle School - HVAC Systems,Education,Skanska USA,2022-06-17,7335000,True,1393,True
PRJ-2018-033,12106700,1210670.0,Pittsburgh Middle School - HVAC Systems,Education,Skanska USA,2019-05-08,12190000,True,2529,True
PRJ-2018-032,22937300,2293730.0,Sacramento Office Park - Core & Shell MEP,Commercial/Office,DPR Construction,2019-03-28,23117000,True,2570,True
PRJ-2019-084,7147700,714770.0,Sacramento Data Center - Precision Cooling Systems,Data Center,Turner Construction,2020-04-20,7196000,True,2181,True
PRJ-2020-186,27092300,2709230.0,Atlanta Medical Campus - New HVAC Installation,Healthcare,Turner Construction,2021-03-04,27278000,True,1863,True
PRJ-2019-092,13685000,1368500.0,Raleigh Corporate Campus - HVAC Systems,Education,Turner Construction,2020-03-21,13785000,True,2211,True
PRJ-2019-091,37705400,3770540.0,Portland Surgery Center - Climate Control,Other,JE Dunn,2020-03-07,37972000,True,2225,True
PRJ-2020-198,10548500,1054850.0,Minneapolis Elementary Campus - Climate Systems,Education,JE Dunn,2021-04-05,10617000,True,1831,True
PRJ-2022-331,41299800,4129980.0,Baltimore Regional Medical Center - HVAC Upgrade,Healthcare,JE Dunn,2023-04-23,41560000,True,1083,True
PRJ-2018-024,20454900,2045490.0,Raleigh Edge Data Center - Thermal Management,Data Center,JE Dunn,2019-05-09,20604000,True,2528,True
PRJ-2019-118,4536200,453620.0,Portland Unified School District - HVAC Modernization,Education,JE Dunn,2020-03-17,4569000,True,2215,True
PRJ-2018-036,30397700,3039770.0,Pittsburgh Medical Campus - New HVAC Installation,Healthcare,Mortenson,2019-05-23,30618000,True,2514,True
PRJ-2021-314,6395800,639580.0,Tampa Data Center - Precision Cooling Systems,Data Center,DPR Construction,2022-04-06,6447000,True,1465,True
PRJ-2022-321,27079700,2707970.0,Cincinnati Regional Medical Center - HVAC Upgrade,Healthcare,DPR Construction,2023-05-10,27273000,True,1066,True
PRJ-2019-130,7148700,714870.0,Columbus Senior Living - HVAC Upgrade,Residential,Turner Construction,2020-03-09,7207000,True,2223,True
PRJ-2023-384,16524900,1652490.0,Minneapolis Colocation Facility - HVAC,Other,Turner Construction,2024-03-14,16654000,True,757,True
PRJ-2024-003,5500700,550070.0,Greenfield Elementary School - New Construction,Education,DPR Construction,2025-04-22,5544000,True,353,True
PRJ-2018-014,11611600,1161160.0,Indianapolis Cloud Campus Phase 1 - Cooling,Education,JE Dunn,2019-03-14,11702000,True,2584,True
PRJ-2022-362,25221200,2522120.0,Houston Business Center - MEP Systems,Other,Turner Construction,2023-05-19,25395000,True,1057,True
PRJ-2022-364,17705700,1770570.0,Baltimore Edge Data Center - Thermal Management,Data Center,Skanska USA,2023-05-19,17834000,True,1057,True
PRJ-2018-070,14211600,1421160.0,Portland Senior Living - HVAC Upgrade,Residential,JE Dunn,2019-05-17,14309000,True,2520,True
PRJ-2020-239,24992900,2499290.0,Nashville Edge Data Center - Thermal Management,Data Center,JE Dunn,2021-04-27,25204000,True,1809,True
PRJ-2021-262,25364300,2536430.0,Richmond Office Park - Core & Shell MEP,Commercial/Office,Skanska USA,2022-05-03,25551000,True,1438,True
PRJ-2021-290,16897900,1689790.0,Phoenix Mixed-Income Housing - Climate Control,Other,Turner Construction,2022-03-11,17033000,True,1491,True
PRJ-2018-071,27903800,2790380.0,Atlanta Regional Medical Center - HVAC Upgrade,Healthcare,Mortenson,2019-03-23,28100000,True,2575,True
PRJ-2019-156,36625800,3662580.0,Richmond Regional Medical Center - HVAC Upgrade,Healthcare,Mortenson,2020-03-13,36862000,True,2219,True
PRJ-2019-145,4328500,432850.0,Oklahoma City Mixed-Income Housing - Climate Control,Other,Skanska USA,2020-03-15,4355000,True,2217,True
PRJ-2019-134,5435400,543540.0,Minneapolis Cloud Campus Phase 1 - Cooling,Education,JE Dunn,2020-02-03,5471000,True,2258,True
PRJ-2019-135,17205800,1720580.0,Minneapolis Mixed-Income Housing - Climate Control,Other,JE Dunn,2020-04-24,17311000,True,2177,True
PRJ-2019-097,8287400,828740.0,Cincinnati Mixed-Use Tower - Mechanical,Commercial/Office,DPR Construction,2020-03-17,8337000,True,2215,True
PRJ-2021-304,4767300,476730.0,Tampa Edge Data Center - Thermal Management,Data Center,Mortenson,2022-03-12,4796000,True,1490,True
PRJ-2018-042,15520500,1552050.0,Columbus Office Park - Core & Shell MEP,Commercial/Office,JE Dunn,2019-04-04,15625000,True,2563,True
PRJ-2021-311,29170600,2917060.0,Salt Lake City Regional Medical Center - HVAC Upgrade,Healthcare,Turner Construction,2022-04-24,29341000,True,1447,True
PRJ-2018-028,10282500,1028250.0,Louisville Elementary Campus - Climate Systems,Education,Skanska USA,2019-04-15,10351000,True,2552,True
PRJ-2018-047,12464100,1246410.0,Oklahoma City Office Park - Core & Shell MEP,Commercial/Office,DPR Construction,2019-03-26,12546000,True,2572,True
PRJ-2022-365,20279400,2027940.0,Richmond Apartment Complex - MEP,Residential,Skanska USA,2023-04-08,20406000,True,1098,True
PRJ-2018-001,38022400,3802240.0,Minneapolis Hospital - Mechanical Systems Renovation,Healthcare,JE Dunn,2019-04-20,38264000,True,2547,True
PRJ-2018-011,45002700,4500270.0,Albuquerque Hospital - Mechanical Systems Renovation,Healthcare,Mortenson,2019-02-13,45289000,True,2613,True
PRJ-2022-336,19536000,1953600.0,Cincinnati Medical Campus - New HVAC Installation,Healthcare,JE Dunn,2023-04-05,19661000,True,1101,True
PRJ-2022-348,3170500,317050.0,Nashville High School - New Construction,Education,Mortenson,2023-03-25,3189000,True,1112,True
PRJ-2020-223,7781000,778100.0,Atlanta High School - New Construction,Education,DPR Construction,2021-02-04,7827000,True,1891,True
PRJ-2020-238,9570000,957000.0,Nashville Middle School - HVAC Systems,Education,Turner Construction,2021-03-26,9628000,True,1841,True
PRJ-2020-204,21879800,2187980.0,Sacramento Edge Data Center - Thermal Management,Data Center,Turner Construction,2021-03-18,22017000,True,1849,True
PRJ-2018-069,15508700,1550870.0,Boston Colocation Facility - HVAC,Other,Mortenson,2019-03-04,15603000,True,2594,True
PRJ-2018-077,4867200,486720.0,Minneapolis Mixed-Use Tower - Mechanical,Commercial/Office,Turner Construction,2019-03-22,4898000,True,2576,True
PRJ-2021-248,10275000,1027500.0,San Antonio Elementary Campus - Climate Systems,Education,JE Dunn,2022-02-22,10337000,True,1508,True
PRJ-2019-094,21854500,2185450.0,Atlanta Data Center - Precision Cooling Systems,Data Center,DPR Construction,2020-04-07,21983000,True,2194,True
PRJ-2020-213,3140400,314040.0,Richmond Middle School - HVAC Systems,Education,Mortenson,2021-03-04,3162000,True,1863,True
PRJ-2020-190,6342200,634220.0,Oklahoma City Residential Tower - HVAC Systems,Commercial/Office,Skanska USA,2021-01-22,6390000,True,1904,True
PRJ-2020-217,4290100,429010.0,Boston Corporate Campus - HVAC Systems,Education,Skanska USA,2021-01-23,4321000,True,1903,True
PRJ-2022-340,21764800,2176480.0,San Antonio Senior Living - HVAC Upgrade,Residential,JE Dunn,2023-03-05,21923000,True,1132,True
PRJ-2022-341,26466700,2646670.0,Boston Medical Campus - New HVAC Installation,Healthcare,DPR Construction,2023-03-01,26652000,True,1136,True
PRJ-2022-344,14324800,1432480.0,Las Vegas Cloud Campus Phase 1 - Cooling,Education,Mortenson,2023-01-30,14429000,True,1166,True
PRJ-2019-139,7279100,727910.0,Sacramento Colocation Facility - HVAC,Other,Turner Construction,2020-02-16,7332000,True,2245,True
PRJ-2023-386,14613200,1461320.0,Sacramento Regional Medical Center - HVAC Upgrade,Healthcare,DPR Construction,2024-02-22,14714000,True,778,True
PRJ-2021-258,6342300,634230.0,Portland Unified School District - HVAC Modernization,Education,Turner Construction,2022-02-20,6385000,True,1510,True
PRJ-2021-252,16034200,1603420.0,Raleigh Office Park - Core & Shell MEP,Commercial/Office,Skanska USA,2022-02-05,16141000,True,1525,True
PRJ-2021-281,43232500,4323250.0,Houston Regional Medical Center - HVAC Upgrade,Healthcare,JE Dunn,2022-03-22,43539000,True,1480,True
PRJ-2020-234,18210200,1821020.0,Pittsburgh Cloud Campus Phase 1 - Cooling,Education,DPR Construction,2021-02-04,18348000,True,1891,True
PRJ-2021-310,22123000,2212300.0,Las Vegas Senior Living - HVAC Upgrade,Residential,Mortenson,2022-01-05,22291000,True,1556,True
PRJ-2020-229,7149800,714980.0,Denver Colocation Facility - HVAC,Other,Mortenson,2021-01-07,7202000,True,1919,True
PRJ-2023-400,9857500,985750.0,Columbus Apartment Complex - MEP,Residential,Turner Construction,2024-02-28,9928000,True,772,True
PRJ-2018-035,11876100,1187610.0,Indianapolis Apartment Complex - MEP,Residential,Turner Construction,2019-03-03,11962000,True,2595,True
PRJ-2019-122,3235900,323590.0,Denver Office Park - Core & Shell MEP,Commercial/Office,Mortenson,2020-03-18,3259000,True,2214,True
PRJ-2018-009,14739200,1473920.0,Houston Edge Data Center - Thermal Management,Data Center,Mortenson,2019-02-23,14845000,True,2603,True
PRJ-2019-099,10626200,1062620.0,San Antonio Colocation Facility - HVAC,Other,Mortenson,2020-01-03,10701000,True,2289,True
PRJ-2019-112,9951700,995170.0,Atlanta Mixed-Use Tower - Mechanical,Commercial/Office,Turner Construction,2020-02-23,10030000,True,2238,True
PRJ-2018-063,5571400,557140.0,Cincinnati High School - New Construction,Education,Mortenson,2019-02-18,5612000,True,2608,True
PRJ-2019-124,6667500,666750.0,Sacramento Colocation Facility - HVAC,Other,DPR Construction,2019-12-31,6722000,True,2292,True
PRJ-2019-093,10065300,1006530.0,Baltimore Middle School - HVAC Systems,Education,JE Dunn,2020-03-22,10135000,True,2210,True
PRJ-2018-041,40499100,4049910.0,San Antonio Regional Medical Center - HVAC Upgrade,Healthcare,Skanska USA,2019-02-23,40791000,True,2603,True
PRJ-2019-116,30475400,3047540.0,Minneapolis Regional Medical Center - HVAC Upgrade,Healthcare,Turner Construction,2019-12-25,30690000,True,2298,True
PRJ-2022-363,5727300,572730.0,Salt Lake City Middle School - HVAC Systems,Education,Turner Construction,2023-02-16,5770000,True,1149,True
PRJ-2020-230,6856000,685600.0,Atlanta Residential Tower - HVAC Systems,Commercial/Office,DPR Construction,2020-12-10,6912000,True,1947,True
PRJ-2022-351,26277400,2627740.0,Atlanta Medical Campus - New HVAC Installation,Healthcare,JE Dunn,2022-12-08,26481000,True,1219,True
PRJ-2021-263,9427600,942760.0,Phoenix Elementary Campus - Climate Systems,Education,DPR Construction,2021-12-09,9504000,True,1583,True
PRJ-2019-096,9515700,951570.0,Portland Regional Medical Center - HVAC Upgrade,Healthcare,JE Dunn,2020-01-09,9588000,True,2283,True
PRJ-2018-074,4025000,402500.0,Chicago Edge Data Center - Thermal Management,Data Center,JE Dunn,2019-01-04,4055000,True,2653,True
PRJ-2022-377,8797200,879720.0,Louisville Corporate Campus - HVAC Systems,Education,JE Dunn,2023-01-20,8864000,True,1176,True
PRJ-2022-357,12701400,1270140.0,Chicago Corporate Campus - HVAC Systems,Education,Skanska USA,2022-12-10,12804000,True,1217,True
PRJ-2019-106,49763900,4976390.0,Raleigh Regional Medical Center - HVAC Upgrade,Healthcare,Skanska USA,2020-02-12,50158000,True,2249,True
PRJ-2018-046,6695800,669580.0,Albuquerque Medical Campus - New HVAC Installation,Healthcare,Skanska USA,2019-01-25,6747000,True,2632,True
PRJ-2021-247,16776100,1677610.0,Columbus Business Center - MEP Systems,Other,JE Dunn,2021-12-13,16914000,True,1579,True
PRJ-2021-245,9302500,930250.0,Phoenix Residential Tower - HVAC Systems,Commercial/Office,Mortenson,2022-01-02,9375000,True,1559,True
PRJ-2020-178,13548500,1354850.0,Houston High School - New Construction,Education,DPR Construction,2020-11-27,13653000,True,1960,True
PRJ-2019-100,5740000,574000.0,Richmond Mixed-Income Housing - Climate Control,Other,Skanska USA,2020-01-01,5785000,True,2291,True
PRJ-2022-354,11265900,1126590.0,Las Vegas Colocation Facility - HVAC,Other,Skanska USA,2023-02-07,11352000,True,1158,True
PRJ-2020-177,11131700,1113170.0,Atlanta Corporate Campus - HVAC Systems,Education,Turner Construction,2021-01-22,11218000,True,1904,True
PRJ-2019-110,3847000,384700.0,Las Vegas Senior Living - HVAC Upgrade,Residential,DPR Construction,2020-01-26,3872000,True,2266,True
PRJ-2019-133,8507600,850760.0,Oklahoma City Elementary Campus - Climate Systems,Education,Turner Construction,2020-02-15,8572000,True,2246,True
PRJ-2020-197,2619700,261970.0,Chicago Corporate Campus - HVAC Systems,Education,JE Dunn,2020-12-28,2640000,True,1929,True
PRJ-2018-038,10013100,1001310.0,Columbus Unified School District - HVAC Modernization,Education,JE Dunn,2018-12-04,10084000,True,2684,True
PRJ-2020-200,4456400,445640.0,Boston Senior Living - HVAC Upgrade,Residential,JE Dunn,2021-01-23,4488000,True,1903,True
PRJ-2022-371,43020400,4302040.0,Albuquerque Hospital - Mechanical Systems Renovation,Healthcare,JE Dunn,2022-12-27,43335000,True,1200,True
PRJ-2021-302,10221200,1022120.0,Pittsburgh Mixed-Use Tower - Mechanical,Commercial/Office,Turner Construction,2022-01-21,10296000,True,1540,True
PRJ-2020-214,12160200,1216020.0,Raleigh Edge Data Center - Thermal Management,Data Center,JE Dunn,2021-02-06,12266000,True,1889,True
PRJ-2021-297,29819800,2981980.0,Kansas City Business Center - MEP Systems,Other,DPR Construction,2022-01-15,30058000,True,1546,True
PRJ-2021-268,2773700,277370.0,Raleigh Unified School District - HVAC Modernization,Education,Mortenson,2021-12-06,2795000,True,1586,True
PRJ-2019-142,27745300,2774530.0,Louisville Business Center - MEP Systems,Other,JE Dunn,2020-02-01,27982000,True,2260,True
PRJ-2023-396,21792300,2179230.0,Tampa Hospital - Mechanical Systems Renovation,Healthcare,Turner Construction,2024-01-28,21976000,True,803,True
PRJ-2019-090,3250800,325080.0,Tampa Senior Living - HVAC Upgrade,Residential,DPR Construction,2020-02-01,3276000,True,2260,True
PRJ-2019-117,23242700,2324270.0,Atlanta Mixed-Use Tower - Mechanical,Commercial/Office,Turner Construction,2019-12-15,23416000,True,2308,True
PRJ-2022-370,3274200,327420.0,Richmond Mixed-Income Housing - Climate Control,Other,Turner Construction,2023-01-16,3301000,True,1180,True
PRJ-2018-005,7639600,763960.0,Phoenix Senior Living - HVAC Upgrade,Residential,Skanska USA,2018-12-18,7700000,True,2670,True
PRJ-2020-207,3955900,395590.0,Salt Lake City Office Park - Core & Shell MEP,Commercial/Office,Mortenson,2020-10-31,3989000,True,1987,True
PRJ-2020-169,10566500,1056650.0,Portland Colocation Facility - HVAC,Other,Skanska USA,2021-01-02,10657000,True,1924,True
PRJ-2019-104,14265200,1426520.0,Atlanta Edge Data Center - Thermal Management,Data Center,DPR Construction,2020-01-08,14396000,True,2284,True
PRJ-2018-007,18435100,1843510.0,Portland Corporate Campus - HVAC Systems,Education,Turner Construction,2019-01-05,18587000,True,2652,True
PRJ-2022-373,7039400,703940.0,Las Vegas Elementary Campus - Climate Systems,Education,Skanska USA,2022-12-07,7091000,True,1220,True
PRJ-2020-236,12071700,1207170.0,Denver Regional Medical Center - HVAC Upgrade,Healthcare,Turner Construction,2020-11-16,12168000,True,1971,True
PRJ-2020-191,46120000,4612000.0,Phoenix Medical Campus - New HVAC Installation,Healthcare,DPR Construction,2020-12-12,46534000,True,1945,True
PRJ-2020-194,19377200,1937720.0,Salt Lake City Data Center - Precision Cooling Systems,Data Center,JE Dunn,2020-11-10,19531000,True,1977,True
PRJ-2021-313,5645900,564590.0,Louisville Middle School - HVAC Systems,Education,Mortenson,2021-11-17,5695000,True,1605,True
PRJ-2019-101,42769500,4276950.0,Pittsburgh Hospital - Mechanical Systems Renovation,Healthcare,Turner Construction,2019-11-05,43110000,True,2348,True
PRJ-2020-210,15363300,1536330.0,Boston Apartment Complex - MEP,Residential,DPR Construction,2020-12-23,15485000,True,1934,True
PRJ-2024-004,16205800,1620580.0,Summit Data Center - Phase 2 Expansion,Data Center,DPR Construction,2024-11-27,16340000,True,499,True
PRJ-2023-394,11655700,1165570.0,Pittsburgh Edge Data Center - Thermal Management,Data Center,Skanska USA,2024-01-21,11747000,True,810,True
PRJ-2022-342,25765700,2576570.0,San Antonio Business Center - MEP Systems,Other,Skanska USA,2023-01-08,25975000,True,1188,True
PRJ-2021-255,10746400,1074640.0,Louisville Apartment Complex - MEP,Residential,Mortenson,2021-12-25,10826000,True,1567,True
PRJ-2019-146,7895000,789500.0,Denver Hospital - Mechanical Systems Renovation,Healthcare,JE Dunn,2020-01-17,7959000,True,2275,True
PRJ-2021-261,24431600,2443160.0,Raleigh Medical Campus - New HVAC Installation,Healthcare,DPR Construction,2021-12-20,24629000,True,1572,True
PRJ-2021-287,9128200,912820.0,Minneapolis Corporate Campus - HVAC Systems,Education,Mortenson,2021-11-17,9202000,True,1605,True
PRJ-2019-127,12278000,1227800.0,Phoenix Mixed-Use Tower - Mechanical,Commercial/Office,JE Dunn,2020-01-07,12380000,True,2285,True
PRJ-2022-323,6518400,651840.0,Indianapolis Unified School District - HVAC Modernization,Education,Mortenson,2022-12-04,6565000,True,1223,True
PRJ-2019-136,8200500,820050.0,Salt Lake City Medical Campus - New HVAC Installation,Healthcare,Skanska USA,2019-12-24,8264000,True,2299,True
PRJ-2021-273,3295300,329530.0,Portland High School - New Construction,Education,Turner Construction,2021-11-15,3323000,True,1607,True
PRJ-2018-017,19227900,1922790.0,San Antonio Business Center - MEP Systems,Other,DPR Construction,2018-12-31,19383000,True,2657,True
PRJ-2021-300,11970400,1197040.0,Minneapolis Senior Living - HVAC Upgrade,Residential,Turner Construction,2021-11-07,12081000,True,1615,True
PRJ-2018-060,12148300,1214830.0,Boston Apartment Complex - MEP,Residential,Skanska USA,2018-11-01,12239000,True,2717,True
PRJ-2021-277,11330400,1133040.0,Houston Business Center - MEP Systems,Other,Turner Construction,2021-10-18,11417000,True,1635,True
PRJ-2021-275,17106800,1710680.0,Las Vegas Residential Tower - HVAC Systems,Commercial/Office,DPR Construction,2021-11-09,17258000,True,1613,True
PRJ-2018-072,17023900,1702390.0,Richmond Corporate Campus - HVAC Systems,Education,DPR Construction,2018-10-19,17167000,True,2730,True
PRJ-2021-272,3216700,321670.0,Denver Business Center - MEP Systems,Other,Mortenson,2021-11-13,3248000,True,1609,True
PRJ-2018-010,12518600,1251860.0,San Antonio Mixed-Income Housing - Climate Control,Other,JE Dunn,2018-09-28,12617000,True,2751,True
PRJ-2019-105,14194900,1419490.0,Raleigh Mixed-Income Housing - Climate Control,Other,DPR Construction,2019-09-14,14305000,True,2400,True
PRJ-2020-162,29454800,2945480.0,Denver Corporate Campus - HVAC Systems,Education,Turner Construction,2020-11-16,29697000,True,1971,True
PRJ-2023-392,8992200,899220.0,Las Vegas Corporate Campus - HVAC Systems,Education,DPR Construction,2023-11-06,9070000,True,886,True
PRJ-2022-330,3776600,377660.0,Boston Mixed-Income Housing - Climate Control,Other,Mortenson,2022-10-15,3812000,True,1273,True
PRJ-2022-359,8126300,812630.0,Kansas City Cloud Campus Phase 1 - Cooling,Education,JE Dunn,2022-09-10,8202000,True,1308,True
PRJ-2020-168,7586700,758670.0,Cincinnati High School - New Construction,Education,JE Dunn,2020-10-10,7650000,True,2008,True
PRJ-2021-317,3582200,358220.0,Salt Lake City Corporate Campus - HVAC Systems,Education,JE Dunn,2021-08-30,3616000,True,1684,True
PRJ-2023-395,3562900,356290.0,Tampa Senior Living - HVAC Upgrade,Residential,Skanska USA,2023-09-08,3591000,True,945,True
PRJ-2018-058,5542600,554260.0,Boston Middle School - HVAC Systems,Education,DPR Construction,2018-07-06,5584000,True,2835,True
PRJ-2022-378,9129400,912940.0,Raleigh Elementary Campus - Climate Systems,Education,DPR Construction,2022-09-14,9195000,True,1304,True
PRJ-2018-073,5505200,550520.0,Minneapolis Middle School - HVAC Systems,Education,Skanska USA,2018-07-17,5550000,True,2824,True
PRJ-2018-067,27337300,2733730.0,Nashville Corporate Campus - HVAC Systems,Education,Skanska USA,2018-08-19,27567000,True,2791,True
PRJ-2023-389,16342800,1634280.0,Houston Edge Data Center - Thermal Management,Data Center,DPR Construction,2023-07-22,16458000,True,993,True
PRJ-2020-171,5483200,548320.0,Las Vegas Surgery Center - Climate Control,Other,Skanska USA,2020-09-20,5525000,True,2028,True
PRJ-2020-170,4781200,478120.0,Minneapolis Residential Tower - HVAC Systems,Commercial/Office,JE Dunn,2020-08-17,4816000,True,2062,True
